{
	"$schema": "https://raw.githubusercontent.com/xen-42/outer-wilds-new-horizons/main/NewHorizons/Schemas/body_schema.json",
	"name": "vorp1",
	"starSystem": "_DEMO.WackAhh",
	"Base": {
		"surfaceGravity": 35,
		"soiOverride": 1500,
		"surfaceSize": 1,
		"hasMapMarker": false
	},
	"MapMarker": {
		"enabled": false
	},
	"ReferenceFrame": {
		"enabled": false,
		"hideInMap": true
	},
	"Orbit": {
		"semiMajorAxis": 5000,
		"primaryBody": "El Sol",
		"showOrbitLine": true
	},
	"Props": {
		"singularities": [
			{
				"horizonRadius": 20,
				"type": "blackHole"
			}
		]
	}
}